,Date,month,year,AOD_1640nm,AOD_1020nm,AOD_870nm,AOD_675nm,AOD_500nm,AOD_440nm,AOD_380nm,AOD_340nm,Precipitable_Water(cm),440-870_Angstrom_Exponent,380-500_Angstrom_Exponent,440-675_Angstrom_Exponent,500-870_Angstrom_Exponent,340-440_Angstrom_Exponent,N[AOD_1640nm],N[AOD_1020nm],N[AOD_870nm],N[AOD_865nm],N[AOD_779nm],N[AOD_675nm],N[AOD_667nm],N[AOD_620nm],N[AOD_560nm],N[AOD_555nm],N[AOD_551nm],N[AOD_532nm],N[AOD_531nm],N[AOD_510nm],N[AOD_500nm],N[AOD_490nm],N[AOD_443nm],N[AOD_440nm],N[AOD_412nm],N[AOD_400nm],N[AOD_380nm],N[AOD_340nm],N[Precipitable_Water(cm)],N[AOD_681nm],N[AOD_709nm],N[AOD_Empty],N[AOD_Empty].1,N[AOD_Empty].2,N[AOD_Empty].3,N[AOD_Empty].4,N[440-870_Angstrom_Exponent],N[380-500_Angstrom_Exponent],N[440-675_Angstrom_Exponent],N[500-870_Angstrom_Exponent],N[340-440_Angstrom_Exponent],N[440-675_Angstrom_Exponent[Polar]],Data_Quality_Level,AERONET_Instrument_Number,AERONET_Site_Name,Site_Latitude(Degrees),Site_Longitude(Degrees),Site_Elevation(m),datetime
1656,1,4,2014,0.024444,0.040341,0.049155,0.073219,0.131138,0.162374,0.209873,0.237084,3.757673,1.776539,1.729645,1.87528,1.774505,1.500477,1,1,1,0,0,1,0,0,0,0,0,0,0,0,1,0,0,1,0,0,1,1,1,0,0,0,0,0,0,0,1,1,1,1,1,0,lev15,828,Sao_Paulo,-23.5615,-46.734983,786,2014-04-01
1657,2,4,2014,0.040977,0.073075,0.09183,0.138245,0.229619,0.276414,0.330403,0.362537,3.398824,1.634188,1.351436,1.6418,1.657948,1.093873,3,3,3,0,0,3,0,0,0,0,0,0,0,0,3,0,0,3,0,0,3,3,3,0,0,0,0,0,0,0,3,3,3,3,3,0,lev15,828,Sao_Paulo,-23.5615,-46.734983,786,2014-04-02
1658,3,4,2014,0.028102,0.052768,0.066945,0.102954,0.173292,0.209296,0.251997,0.274858,3.050996,1.698573,1.421236,1.704919,1.725486,1.135652,2,2,2,0,0,2,0,0,0,0,0,0,0,0,2,0,0,2,0,0,2,2,2,0,0,0,0,0,0,0,2,2,2,2,2,0,lev15,828,Sao_Paulo,-23.5615,-46.734983,786,2014-04-03
1660,6,4,2014,0.039644,0.055838,0.063964,0.085335,0.132399,0.159499,0.195943,0.215665,1.859099,1.345467,1.456563,1.472058,1.30346,1.165486,60,60,60,0,0,60,0,0,0,0,0,0,0,0,60,0,0,60,0,0,60,60,60,0,0,0,0,0,0,0,60,60,60,60,60,0,lev15,828,Sao_Paulo,-23.5615,-46.734983,786,2014-04-06
1661,7,4,2014,0.10738,0.116228,0.119989,0.132587,0.172163,0.202053,0.233818,0.240503,1.4926,0.758884,1.112518,0.956666,0.654351,0.668062,16,16,16,0,0,16,0,0,0,0,0,0,0,0,16,0,0,16,0,0,16,16,16,0,0,0,0,0,0,0,16,16,16,16,16,0,lev15,828,Sao_Paulo,-23.5615,-46.734983,786,2014-04-07
1662,19,11,2014,0.09472,0.144823,0.171677,0.244198,0.408776,0.509266,0.651118,0.754122,2.633066,1.606137,1.716092,1.719038,1.570469,1.554177,9,9,9,0,0,9,0,0,0,0,0,0,0,0,9,0,0,9,0,0,9,9,9,0,0,0,0,0,0,0,9,9,9,9,9,0,lev15,828,Sao_Paulo,-23.5615,-46.734983,786,2014-11-19
1663,20,11,2014,0.077449,0.128476,0.155842,0.224389,0.356692,0.428046,0.516585,0.578019,2.572977,1.490372,1.360755,1.516053,1.49548,1.185741,2,2,2,0,0,2,0,0,0,0,0,0,0,0,2,0,0,2,0,0,2,2,2,0,0,0,0,0,0,0,2,2,2,2,2,0,lev15,828,Sao_Paulo,-23.5615,-46.734983,786,2014-11-20
1664,21,11,2014,0.086519,0.128908,0.147397,0.194343,0.30236,0.365358,0.452889,0.499804,3.198734,1.34044,1.48211,1.470904,1.29815,1.240131,8,8,8,0,0,8,0,0,0,0,0,0,0,0,8,0,0,8,0,0,8,8,8,0,0,0,0,0,0,0,8,8,8,8,8,0,lev15,828,Sao_Paulo,-23.5615,-46.734983,786,2014-11-21
1665,24,11,2014,0.073235,0.186299,0.242144,0.346396,0.499453,0.566757,0.62565,0.642957,3.493439,1.249606,0.825283,1.162599,1.303024,0.50451,1,1,1,0,0,1,0,0,0,0,0,0,0,0,1,0,0,1,0,0,1,1,1,0,0,0,0,0,0,0,1,1,1,1,1,0,lev15,828,Sao_Paulo,-23.5615,-46.734983,786,2014-11-24
1666,25,11,2014,0.012044,0.032045,0.037032,0.04647,0.080192,0.09597,0.128892,0.128447,3.302305,1.447698,1.750399,1.716412,1.405659,1.187918,1,1,1,0,0,1,0,0,0,0,0,0,0,0,1,0,0,1,0,0,1,1,1,0,0,0,0,0,0,0,1,1,1,1,1,0,lev15,828,Sao_Paulo,-23.5615,-46.734983,786,2014-11-25
1667,27,11,2014,0.010995,0.025509,0.030292,0.040591,0.06893,0.083042,0.103896,0.107821,3.066605,1.513812,1.509142,1.688792,1.490897,1.050827,1,1,1,0,0,1,0,0,0,0,0,0,0,0,1,0,0,1,0,0,1,1,1,0,0,0,0,0,0,0,1,1,1,1,1,0,lev15,828,Sao_Paulo,-23.5615,-46.734983,786,2014-11-27
1668,30,11,2014,0.017807,0.04801,0.059641,0.084029,0.133754,0.155099,0.183233,0.184272,3.237556,1.424458,1.15442,1.453582,1.457163,0.689343,11,11,11,0,0,11,0,0,0,0,0,0,0,0,11,0,0,11,0,0,11,11,11,0,0,0,0,0,0,0,11,11,11,11,11,0,lev15,828,Sao_Paulo,-23.5615,-46.734983,786,2014-11-30
1669,1,12,2014,0.121897,0.136863,0.141481,0.153274,0.182452,0.196501,0.213293,0.207465,2.759923,0.478413,0.657707,0.595555,0.439983,0.242969,12,12,12,0,0,12,0,0,0,0,0,0,0,0,12,0,0,12,0,0,12,12,12,0,0,0,0,0,0,0,12,12,12,12,12,0,lev15,828,Sao_Paulo,-23.5615,-46.734983,786,2014-12-01
1670,2,12,2014,0.038439,0.047178,0.047998,0.049293,0.062231,0.069797,0.082658,0.077368,2.115508,0.540836,0.990753,0.779845,0.454417,0.144233,13,13,13,0,0,13,0,0,0,0,0,0,0,0,13,0,0,13,0,0,13,13,13,0,0,0,0,0,0,0,13,13,13,13,13,0,lev15,828,Sao_Paulo,-23.5615,-46.734983,786,2014-12-02
1671,3,12,2014,0.0758,0.080242,0.079577,0.08141,0.098601,0.105669,0.122029,0.12124,2.832454,0.444588,0.749135,0.612206,0.401574,0.508899,7,7,7,0,0,7,0,0,0,0,0,0,0,0,7,0,0,7,0,0,7,7,7,0,0,0,0,0,0,0,7,7,7,7,7,0,lev15,828,Sao_Paulo,-23.5615,-46.734983,786,2014-12-03
1672,4,12,2014,0.037058,0.050765,0.056003,0.070611,0.10822,0.128936,0.157411,0.173733,3.062782,1.242479,1.37748,1.409689,1.194777,1.181233,1,1,1,0,0,1,0,0,0,0,0,0,0,0,1,0,0,1,0,0,1,1,1,0,0,0,0,0,0,0,1,1,1,1,1,0,lev15,828,Sao_Paulo,-23.5615,-46.734983,786,2014-12-04
1673,6,12,2014,0.02057,0.050926,0.064057,0.091752,0.152511,0.186827,0.234579,0.253777,2.329819,1.533252,1.594484,1.656018,1.502572,1.150173,16,16,16,0,0,16,0,0,0,0,0,0,0,0,16,0,0,16,0,0,16,16,16,0,0,0,0,0,0,0,16,16,16,16,16,0,lev15,828,Sao_Paulo,-23.5615,-46.734983,786,2014-12-06
1674,7,12,2014,0.023752,0.052291,0.064637,0.092814,0.151877,0.182653,0.226524,0.233458,2.345297,1.518051,1.447998,1.586013,1.518702,1.098927,45,45,45,0,0,45,0,0,0,0,0,0,0,0,45,0,0,45,0,0,45,43,45,0,0,0,0,0,0,0,45,45,45,45,45,0,lev15,828,Sao_Paulo,-23.5615,-46.734983,786,2014-12-07
1675,8,12,2014,0.02965,0.049352,0.055406,0.069398,0.107423,0.12846,0.16088,0.165812,2.577753,1.274754,1.490201,1.45963,1.22429,1.012126,4,4,4,0,0,4,0,0,0,0,0,0,0,0,4,0,0,4,0,0,4,4,4,0,0,0,0,0,0,0,4,4,4,4,4,0,lev15,828,Sao_Paulo,-23.5615,-46.734983,786,2014-12-08
1676,12,12,2014,0.016227,0.03225,0.03542,0.043647,0.072651,0.085929,0.111393,0.105107,3.570485,1.346217,1.554973,1.600743,1.305084,1.330405,4,4,4,0,0,4,0,0,0,0,0,0,0,0,4,0,0,4,0,0,4,3,4,0,0,0,0,0,0,0,4,4,4,4,4,0,lev15,828,Sao_Paulo,-23.5615,-46.734983,786,2014-12-12
1677,14,12,2014,0.01456,0.034597,0.041655,0.057079,0.09198,0.108764,0.131596,0.136217,2.894648,1.430527,1.327057,1.528205,1.428981,0.905671,4,4,4,0,0,4,0,0,0,0,0,0,0,0,4,0,0,4,0,0,4,4,4,0,0,0,0,0,0,0,4,4,4,4,4,0,lev15,828,Sao_Paulo,-23.5615,-46.734983,786,2014-12-14
1678,15,12,2014,0.037583,0.051178,0.055013,0.062461,0.085642,0.100133,0.121057,0.127089,1.40254,0.832551,1.261978,1.04101,0.747318,0.93743,35,35,35,0,0,35,0,0,0,0,0,0,0,0,35,0,0,35,0,0,35,35,35,0,0,0,0,0,0,0,35,35,35,35,35,0,lev15,828,Sao_Paulo,-23.5615,-46.734983,786,2014-12-15
1679,16,12,2014,0.063518,0.080444,0.092342,0.119695,0.179398,0.213077,0.255644,0.275821,1.830646,1.076313,1.216717,1.211054,1.024978,0.903394,30,30,30,0,0,30,0,0,0,0,0,0,0,0,30,0,0,30,0,0,30,30,30,0,0,0,0,0,0,0,30,30,30,30,30,0,lev15,828,Sao_Paulo,-23.5615,-46.734983,786,2014-12-16
1680,17,12,2014,0.093634,0.096534,0.102016,0.115821,0.15489,0.179422,0.21214,0.225702,2.049666,0.833866,1.13475,1.005518,0.759796,0.890842,26,26,26,0,0,26,0,0,0,0,0,0,0,0,26,0,0,26,0,0,26,26,26,0,0,0,0,0,0,0,26,26,26,26,26,0,lev15,828,Sao_Paulo,-23.5615,-46.734983,786,2014-12-17
1681,18,12,2014,0.065002,0.077051,0.08776,0.114237,0.178561,0.217204,0.266283,0.28789,2.576536,1.336988,1.463159,1.495322,1.282034,1.120519,30,30,30,0,0,30,0,0,0,0,0,0,0,0,30,0,0,30,0,0,30,30,30,0,0,0,0,0,0,0,30,30,30,30,30,0,lev15,828,Sao_Paulo,-23.5615,-46.734983,786,2014-12-18
1682,23,2,2015,0.041003,0.061724,0.072067,0.10154,0.169032,0.208434,0.276644,0.317622,2.62798,1.550473,1.801514,1.665882,1.523228,1.683458,35,35,35,0,0,35,0,0,0,0,0,0,0,0,35,0,0,35,0,0,35,35,35,0,0,0,0,0,0,0,35,35,35,35,35,0,lev15,931,Sao_Paulo,-23.5615,-46.734983,786,2015-02-23
1683,24,2,2015,0.077256,0.09843,0.109264,0.139999,0.206814,0.243524,0.303398,0.338627,3.107794,1.263163,1.397938,1.354292,1.243332,1.300994,41,41,41,0,0,41,0,0,0,0,0,0,0,0,41,0,0,41,0,0,40,40,41,0,0,0,0,0,0,0,41,41,41,41,40,0,lev15,931,Sao_Paulo,-23.5615,-46.734983,786,2015-02-24
1684,25,2,2015,0.032122,0.048652,0.056007,0.077232,0.127213,0.154628,0.207461,0.241176,3.620173,1.506815,1.777367,1.624485,1.488456,1.769633,10,10,10,0,0,10,0,0,0,0,0,0,0,0,10,0,0,10,0,0,10,10,10,0,0,0,0,0,0,0,10,10,10,10,10,0,lev15,931,Sao_Paulo,-23.5615,-46.734983,786,2015-02-25
1685,26,2,2015,0.077516,0.082059,0.082407,0.090817,0.119407,0.135634,0.171153,0.185938,3.311141,0.870032,1.293612,1.047813,0.812678,1.228277,19,19,19,0,0,19,0,0,0,0,0,0,0,0,19,0,0,19,0,0,17,17,19,0,0,0,0,0,0,0,19,19,19,19,17,0,lev15,931,Sao_Paulo,-23.5615,-46.734983,786,2015-02-26
1686,11,3,2015,0.012546,0.017354,0.023001,0.032236,0.054908,0.070533,0.092933,0.105813,3.22351,1.681256,1.704853,1.848174,1.643537,1.616755,7,6,7,0,0,7,0,0,0,0,0,0,0,0,6,0,0,7,0,0,6,7,7,0,0,0,0,0,0,0,7,7,7,7,7,0,lev15,931,Sao_Paulo,-23.5615,-46.734983,786,2015-03-11
2908,26,1,2022,0.0735,0.182076,0.235736,0.320238,0.412767,0.437757,0.47691,0.501536,3.279643,0.916489,0.538432,0.752235,1.006652,0.522196,41,42,42,0,0,42,0,0,0,0,0,0,0,0,42,0,0,42,0,0,42,40,42,0,0,0,0,0,0,0,42,42,42,42,42,0,lev15,669,Sao_Paulo,-23.5615,-46.734983,786,2022-01-26
2909,3,2,2022,0.04595,0.105717,0.143921,0.227587,0.390386,0.464691,0.566635,0.628444,3.666826,1.739491,1.378735,1.683388,1.796483,1.175739,1,1,1,0,0,1,0,0,0,0,0,0,0,0,1,0,0,1,0,0,1,1,1,0,0,0,0,0,0,0,1,1,1,1,1,0,lev15,669,Sao_Paulo,-23.5615,-46.734983,786,2022-02-03
2910,4,2,2022,0.017162,0.034665,0.043842,0.064414,0.105027,0.120877,0.142295,0.147997,3.721047,1.519848,1.120722,1.495418,1.578282,0.885106,15,15,15,0,0,15,0,0,0,0,0,0,0,0,15,0,0,15,0,0,15,13,15,0,0,0,0,0,0,0,15,15,15,15,15,0,lev15,669,Sao_Paulo,-23.5615,-46.734983,786,2022-02-04
2911,5,2,2022,0.015042,0.029217,0.038536,0.05272,0.090933,0.108934,0.138716,0.150109,4.036978,1.583541,1.521627,1.706971,1.578945,1.136988,10,10,10,0,0,9,0,0,0,0,0,0,0,0,9,0,0,9,0,0,10,10,9,0,0,0,0,0,0,0,9,9,9,9,10,0,lev15,669,Sao_Paulo,-23.5615,-46.734983,786,2022-02-05
2912,8,2,2022,0.035857,0.07756,0.10178,0.149934,0.238082,0.277468,0.32412,0.349637,2.555865,1.48587,1.145584,1.453418,1.525252,0.898458,10,10,10,0,0,10,0,0,0,0,0,0,0,0,10,0,0,10,0,0,10,10,10,0,0,0,0,0,0,0,10,10,10,10,10,0,lev15,669,Sao_Paulo,-23.5615,-46.734983,786,2022-02-08
2913,9,2,2022,0.02095,0.034729,0.04221,0.055337,0.090523,0.112528,0.139398,0.154686,1.932278,1.452049,1.589717,1.643791,1.377814,1.231855,66,66,66,0,0,66,0,0,0,0,0,0,0,0,66,0,0,66,0,0,66,66,66,0,0,0,0,0,0,0,66,66,66,66,66,0,lev15,669,Sao_Paulo,-23.5615,-46.734983,786,2022-02-09
2914,10,2,2022,0.028212,0.047104,0.057864,0.078339,0.130976,0.163881,0.205238,0.231108,1.910947,1.510127,1.682967,1.708713,1.428482,1.329118,81,81,81,0,0,81,0,0,0,0,0,0,0,0,81,0,0,81,0,0,81,81,81,0,0,0,0,0,0,0,81,81,81,81,81,0,lev15,669,Sao_Paulo,-23.5615,-46.734983,786,2022-02-10
2915,11,2,2022,0.026739,0.046749,0.056676,0.073906,0.114365,0.138836,0.16915,0.185876,2.508407,1.325154,1.442332,1.4605,1.269395,1.16152,36,36,36,0,0,36,0,0,0,0,0,0,0,0,36,0,0,36,0,0,36,35,36,0,0,0,0,0,0,0,36,36,36,36,36,0,lev15,669,Sao_Paulo,-23.5615,-46.734983,786,2022-02-11
2916,12,2,2022,0.035089,0.072919,0.096215,0.145708,0.247606,0.297731,0.369278,0.416559,2.644978,1.673632,1.481722,1.678379,1.698876,1.304813,17,17,17,0,0,17,0,0,0,0,0,0,0,0,17,0,0,17,0,0,17,17,17,0,0,0,0,0,0,0,17,17,17,17,17,0,lev15,669,Sao_Paulo,-23.5615,-46.734983,786,2022-02-12
2917,13,2,2022,0.020614,0.041569,0.054525,0.080499,0.142761,0.174672,0.225859,0.256699,2.601221,1.732971,1.709073,1.826686,1.731567,1.512931,27,27,27,0,0,27,0,0,0,0,0,0,0,0,27,0,0,27,0,0,26,25,27,0,0,0,0,0,0,0,27,27,27,27,26,0,lev15,669,Sao_Paulo,-23.5615,-46.734983,786,2022-02-13
2918,14,2,2022,0.043224,0.093175,0.122884,0.183359,0.296915,0.35249,0.421407,0.456828,2.19169,1.542444,1.277082,1.520685,1.569315,0.975997,87,87,87,0,0,87,0,0,0,0,0,0,0,0,87,0,0,87,0,0,87,87,87,0,0,0,0,0,0,0,87,87,87,87,87,0,lev15,669,Sao_Paulo,-23.5615,-46.734983,786,2022-02-14
2919,16,2,2022,0.058691,0.115928,0.150473,0.223051,0.353082,0.410508,0.484578,0.527578,2.203082,1.490362,1.174284,1.440645,1.537426,0.979273,39,39,39,0,0,39,0,0,0,0,0,0,0,0,39,0,0,39,0,0,39,39,39,0,0,0,0,0,0,0,39,39,39,39,39,0,lev15,669,Sao_Paulo,-23.5615,-46.734983,786,2022-02-16
2920,17,2,2022,0.037594,0.068066,0.085687,0.123812,0.203132,0.243086,0.29051,0.321376,2.604798,1.544402,1.353269,1.577898,1.552426,1.118525,30,30,30,0,0,30,0,0,0,0,0,0,0,0,30,0,0,30,0,0,29,29,30,0,0,0,0,0,0,0,30,30,30,30,29,0,lev15,669,Sao_Paulo,-23.5615,-46.734983,786,2022-02-17
2921,18,2,2022,0.043992,0.071296,0.091657,0.127658,0.19731,0.233596,0.274798,0.295078,2.243493,1.374344,1.214145,1.399489,1.375641,0.920137,3,2,3,0,0,3,0,0,0,0,0,0,0,0,3,0,0,3,0,0,3,3,3,0,0,0,0,0,0,0,3,3,3,3,3,0,lev15,669,Sao_Paulo,-23.5615,-46.734983,786,2022-02-18
2922,20,2,2022,0.029646,0.060514,0.081144,0.127035,0.226717,0.277444,0.349636,0.39777,2.726145,1.831459,1.610934,1.84303,1.857767,1.408422,52,52,52,0,0,52,0,0,0,0,0,0,0,0,52,0,0,52,0,0,52,52,52,0,0,0,0,0,0,0,52,52,52,52,52,0,lev15,669,Sao_Paulo,-23.5615,-46.734983,786,2022-02-20
2923,24,2,2022,0.061555,0.127512,0.163421,0.233315,0.346574,0.394194,0.46474,0.518403,2.979218,1.303175,1.088498,1.236868,1.351998,1.062511,5,5,5,0,0,5,0,0,0,0,0,0,0,0,5,0,0,5,0,0,5,5,5,0,0,0,0,0,0,0,5,5,5,5,5,0,lev15,669,Sao_Paulo,-23.5615,-46.734983,786,2022-02-24
2924,25,2,2022,0.042528,0.084719,0.107288,0.148468,0.220571,0.253675,0.301838,0.326981,1.998292,1.269145,1.151786,1.250547,1.293983,0.984,40,40,40,0,0,40,0,0,0,0,0,0,0,0,40,0,0,40,0,0,40,40,40,0,0,0,0,0,0,0,40,40,40,40,40,0,lev15,669,Sao_Paulo,-23.5615,-46.734983,786,2022-02-25
3020,6,11,2023,0.044476,0.058211,0.06321,0.074057,0.09624,0.110196,0.128143,0.140767,1.060447,0.815636,1.036705,0.918603,0.762864,0.961476,11,11,11,0,0,11,0,0,0,0,0,0,0,0,11,0,0,11,0,0,11,11,11,0,0,0,0,0,0,0,11,11,11,11,11,0,lev15,1120,Sao_Paulo,-23.5615,-46.734983,786,2023-11-06
3021,7,11,2023,0.042235,0.061117,0.071229,0.089172,0.127644,0.152879,0.179297,0.196548,1.434021,1.102952,1.218888,1.228529,1.039713,0.988931,87,87,87,0,0,87,0,0,0,0,0,0,0,0,87,0,0,87,0,0,87,87,87,0,0,0,0,0,0,0,87,87,87,87,87,0,lev15,1120,Sao_Paulo,-23.5615,-46.734983,786,2023-11-07
3022,8,11,2023,0.037266,0.058612,0.071488,0.096521,0.146865,0.177527,0.211969,0.234399,1.348257,1.338195,1.320874,1.418824,1.303574,1.080208,109,109,109,0,0,109,0,0,0,0,0,0,0,0,109,0,0,109,0,0,109,109,109,0,0,0,0,0,0,0,109,109,109,109,109,0,lev15,1120,Sao_Paulo,-23.5615,-46.734983,786,2023-11-08
3023,9,11,2023,0.057485,0.08541,0.101092,0.135922,0.206192,0.24662800000000001,0.295591,0.330354,2.229506,1.316478,1.301778,1.391362,1.291801,1.147457,44,44,44,0,0,44,0,0,0,0,0,0,0,0,44,0,0,44,0,0,44,44,44,0,0,0,0,0,0,0,44,44,44,44,44,0,lev15,1120,Sao_Paulo,-23.5615,-46.734983,786,2023-11-09
3024,10,11,2023,0.09102,0.149714,0.183981,0.261555,0.409264,0.488375,0.582129,0.645889,3.428279,1.438906,1.271084,1.462684,1.443862,1.095431,41,41,41,0,0,41,0,0,0,0,0,0,0,0,41,0,0,41,0,0,41,41,41,0,0,0,0,0,0,0,41,41,41,41,41,0,lev15,1120,Sao_Paulo,-23.5615,-46.734983,786,2023-11-10
3025,11,11,2023,0.072455,0.116807,0.142318,0.19833,0.303704,0.360267,0.432208,0.485224,2.838723,1.378692,1.305603,1.41702,1.375065,1.197379,92,92,92,0,0,92,0,0,0,0,0,0,0,0,92,0,0,92,0,0,92,92,92,0,0,0,0,0,0,0,92,92,92,92,92,0,lev15,1120,Sao_Paulo,-23.5615,-46.734983,786,2023-11-11
3026,12,11,2023,0.071882,0.096753,0.111747,0.144915,0.215626,0.256612,0.316518,0.362898,2.445433,1.233306,1.394487,1.336725,1.196715,1.36203,76,76,76,0,0,76,0,0,0,0,0,0,0,0,76,0,0,76,0,0,76,76,76,0,0,0,0,0,0,0,76,76,76,76,76,0,lev15,1120,Sao_Paulo,-23.5615,-46.734983,786,2023-11-12
3027,13,11,2023,0.064417,0.087377,0.101215,0.130979,0.195482,0.233963,0.286591,0.325145,2.344334,1.247576,1.387943,1.357238,1.205678,1.294165,70,70,70,0,0,70,0,0,0,0,0,0,0,0,70,0,0,70,0,0,70,70,70,0,0,0,0,0,0,0,70,70,70,70,70,0,lev15,1120,Sao_Paulo,-23.5615,-46.734983,786,2023-11-13
3028,14,11,2023,0.066713,0.095136,0.111947,0.148692,0.228993,0.275302,0.340589,0.387081,2.673304,1.326205,1.431639,1.433318,1.286878,1.315161,77,77,76,0,0,76,0,0,0,0,0,0,0,0,77,0,0,76,0,0,77,77,76,0,0,0,0,0,0,0,76,77,76,76,77,0,lev15,1120,Sao_Paulo,-23.5615,-46.734983,786,2023-11-14
3029,15,11,2023,0.046533,0.068805,0.082632,0.111645,0.17471,0.210983,0.263018,0.302227,2.92437,1.38832,1.482891,1.488606,1.358647,1.412135,72,72,72,0,0,72,0,0,0,0,0,0,0,0,72,0,0,72,0,0,72,72,72,0,0,0,0,0,0,0,72,72,72,72,72,0,lev15,1120,Sao_Paulo,-23.5615,-46.734983,786,2023-11-15
3030,17,11,2023,0.140078,0.184947,0.217417,0.297927,0.463377,0.555727,0.672447,0.753161,3.107458,1.448691,1.387468,1.510456,1.436727,1.236431,9,9,9,0,0,9,0,0,0,0,0,0,0,0,9,0,0,9,0,0,9,9,9,0,0,0,0,0,0,0,9,9,9,9,9,0,lev15,1120,Sao_Paulo,-23.5615,-46.734983,786,2023-11-17
3031,18,11,2023,0.113869,0.141236,0.158613,0.20253,0.299524,0.355024,0.427372,0.480307,3.457283,1.201877,1.289722,1.316427,1.163144,1.188744,4,4,4,0,0,4,0,0,0,0,0,0,0,0,4,0,0,4,0,0,4,4,4,0,0,0,0,0,0,0,4,4,4,4,4,0,lev15,1120,Sao_Paulo,-23.5615,-46.734983,786,2023-11-18
3032,21,11,2023,0.10596,0.138865,0.161367,0.210817,0.304529,0.3497,0.404914,0.43468,3.245693,1.167744,1.028667,1.210608,1.169323,0.875306,25,25,25,0,0,25,0,0,0,0,0,0,0,0,25,0,0,25,0,0,24,25,25,0,0,0,0,0,0,0,25,25,25,25,25,0,lev15,1120,Sao_Paulo,-23.5615,-46.734983,786,2023-11-21
3033,22,11,2023,0.15164,0.175175,0.195954,0.235934,0.320576,0.364599,0.419378,0.440389,3.900483,1.17636,1.125504,1.224173,1.168901,0.999722,16,17,16,0,0,17,0,0,0,0,0,0,0,0,17,0,0,17,0,0,17,16,16,0,0,0,0,0,0,0,17,17,17,17,17,0,lev15,1120,Sao_Paulo,-23.5615,-46.734983,786,2023-11-22
3034,23,11,2023,0.034657,0.053281,0.064775,0.08766,0.135505,0.157344,0.188305,0.210887,3.902004,1.325421,1.193629,1.382521,1.337885,1.151047,1,1,1,0,0,1,0,0,0,0,0,0,0,0,1,0,0,1,0,0,1,1,1,0,0,0,0,0,0,0,1,1,1,1,1,0,lev15,1120,Sao_Paulo,-23.5615,-46.734983,786,2023-11-23
3035,27,11,2023,0.061016,0.116924,0.149162,0.219971,0.342849,0.399101,0.463119,0.501414,3.589218,1.439815,1.055725,1.390064,1.490818,0.878489,2,2,2,0,0,2,0,0,0,0,0,0,0,0,2,0,0,2,0,0,2,2,2,0,0,0,0,0,0,0,2,2,2,2,2,0,lev15,1120,Sao_Paulo,-23.5615,-46.734983,786,2023-11-27
3036,28,11,2023,0.06584,0.086809,0.106522,0.130719,0.193328,0.228444,0.284324,0.323637,3.833475,1.231132,1.377539,1.310846,1.198046,1.32583,3,3,2,0,0,3,0,0,0,0,0,0,0,0,3,0,0,3,0,0,2,2,3,0,0,0,0,0,0,0,3,3,3,3,2,0,lev15,1120,Sao_Paulo,-23.5615,-46.734983,786,2023-11-28
3037,30,11,2023,0.022817,0.042226,0.054021,0.077214,0.121962,0.1466,0.172894,0.190404,2.87067,1.477416,1.252878,1.507822,1.486442,1.046332,30,30,30,0,0,30,0,0,0,0,0,0,0,0,29,0,0,30,0,0,29,29,30,0,0,0,0,0,0,0,30,29,30,30,29,0,lev15,1120,Sao_Paulo,-23.5615,-46.734983,786,2023-11-30
3038,1,12,2023,0.059342,0.096365,0.1153,0.147959,0.198126,0.221904,0.24759,0.263547,2.346521,1.089713,1.014582,1.126247,1.084566,0.87933,43,43,43,0,0,43,0,0,0,0,0,0,0,0,43,0,0,43,0,0,43,43,43,0,0,0,0,0,0,0,43,43,43,43,43,0,lev15,1120,Sao_Paulo,-23.5615,-46.734983,786,2023-12-01
3039,2,12,2023,0.033891,0.059837,0.074877,0.103676,0.156709,0.184497,0.219343,0.241815,2.29924,1.342559,1.228085,1.366016,1.346883,1.073549,73,73,73,0,0,73,0,0,0,0,0,0,0,0,73,0,0,73,0,0,73,73,73,0,0,0,0,0,0,0,73,73,73,73,73,0,lev15,1120,Sao_Paulo,-23.5615,-46.734983,786,2023-12-02
3040,3,12,2023,0.034757,0.057846,0.073211,0.104569,0.167523,0.202452,0.249472,0.282721,2.4243,1.491946,1.4214310000000001,1.534386,1.488816,1.283061,114,114,114,0,0,114,0,0,0,0,0,0,0,0,114,0,0,114,0,0,114,114,114,0,0,0,0,0,0,0,114,114,114,114,114,0,lev15,1120,Sao_Paulo,-23.5615,-46.734983,786,2023-12-03
3041,4,12,2023,0.041848,0.067642,0.083956,0.114765,0.172787,0.203726,0.239137,0.259235,2.353902,1.279232,1.164057,1.326587,1.270688,0.924169,43,43,43,0,0,43,0,0,0,0,0,0,0,0,43,0,0,43,0,0,43,43,43,0,0,0,0,0,0,0,43,43,43,43,43,0,lev15,1120,Sao_Paulo,-23.5615,-46.734983,786,2023-12-04
3042,5,12,2023,0.087753,0.149055,0.181303,0.249886,0.35869,0.407475,0.456701,0.486137,3.666392,1.214318,0.883349,1.170662,1.251276,0.701633,9,9,9,0,0,9,0,0,0,0,0,0,0,0,9,0,0,9,0,0,9,9,9,0,0,0,0,0,0,0,9,9,9,9,9,0,lev15,1120,Sao_Paulo,-23.5615,-46.734983,786,2023-12-05
3043,6,12,2023,0.029548,0.044438,0.052922,0.071246,0.112671,0.134827,0.167241,0.191324,3.535872,1.407561,1.446144,1.513138,1.388886,1.39226,28,28,28,0,0,28,0,0,0,0,0,0,0,0,28,0,0,28,0,0,28,28,28,0,0,0,0,0,0,0,28,28,28,28,28,0,lev15,1120,Sao_Paulo,-23.5615,-46.734983,786,2023-12-06
3044,7,12,2023,0.030051,0.042705,0.049744,0.063485,0.096694,0.114744,0.140002,0.158938,3.338663,1.236667,1.357299,1.37787,1.198372,1.289344,79,79,79,0,0,79,0,0,0,0,0,0,0,0,79,0,0,78,0,0,76,76,79,0,0,0,0,0,0,0,79,78,79,79,76,0,lev15,1120,Sao_Paulo,-23.5615,-46.734983,786,2023-12-07
3045,8,12,2023,0.024972,0.038851,0.04672,0.059965,0.091833,0.109442,0.132164,0.145159,3.119527,1.25451,1.30513,1.396098,1.214503,1.098339,22,22,22,0,0,22,0,0,0,0,0,0,0,0,22,0,0,22,0,0,22,22,22,0,0,0,0,0,0,0,22,22,22,22,22,0,lev15,1120,Sao_Paulo,-23.5615,-46.734983,786,2023-12-08
3046,10,12,2023,0.111208,0.142863,0.164475,0.208733,0.285111,0.321849,0.361109,0.384635,2.951869,0.956732,0.857885,0.984587,0.956187,0.737524,13,13,13,0,0,13,0,0,0,0,0,0,0,0,13,0,0,13,0,0,13,13,13,0,0,0,0,0,0,0,13,13,13,13,13,0,lev15,1120,Sao_Paulo,-23.5615,-46.734983,786,2023-12-10
3047,11,12,2023,0.017326,0.029396,0.037126,0.047971,0.074631,0.089639,0.108481,0.120363,2.984266,1.299097,1.340227,1.45285,1.254158,1.139541,12,12,12,0,0,12,0,0,0,0,0,0,0,0,12,0,0,12,0,0,12,12,12,0,0,0,0,0,0,0,12,12,12,12,12,0,lev15,1120,Sao_Paulo,-23.5615,-46.734983,786,2023-12-11
3048,12,12,2023,0.01912,0.029667,0.035161,0.044144,0.062758,0.073771,0.086235,0.09432,1.722124,1.068477,1.161223,1.178149,1.022554,0.995248,21,20,21,0,0,21,0,0,0,0,0,0,0,0,21,0,0,21,0,0,21,21,21,0,0,0,0,0,0,0,21,21,21,21,21,0,lev15,1120,Sao_Paulo,-23.5615,-46.734983,786,2023-12-12
3049,13,12,2023,0.050413,0.095837,0.124991,0.185781,0.295412,0.354827,0.422022,0.465684,1.879862,1.521797,1.270641,1.506869,1.538651,1.033712,42,42,42,0,0,42,0,0,0,0,0,0,0,0,42,0,0,42,0,0,42,42,42,0,0,0,0,0,0,0,42,42,42,42,42,0,lev15,1120,Sao_Paulo,-23.5615,-46.734983,786,2023-12-13
3050,14,12,2023,0.062154,0.077668,0.088311,0.107767,0.150677,0.177003,0.209811,0.232101,1.860336,1.019666,1.196933,1.147367,0.962122,1.052196,86,86,86,0,0,86,0,0,0,0,0,0,0,0,86,0,0,86,0,0,86,86,86,0,0,0,0,0,0,0,86,86,86,86,86,0,lev15,1120,Sao_Paulo,-23.5615,-46.734983,786,2023-12-14
3051,15,12,2023,0.065063,0.098154,0.11806,0.161144,0.24407,0.289522,0.347196,0.387178,2.551144,1.274309,1.235801,1.321872,1.262755,1.095956,58,58,58,0,0,58,0,0,0,0,0,0,0,0,58,0,0,58,0,0,58,58,58,0,0,0,0,0,0,0,58,58,58,58,58,0,lev15,1120,Sao_Paulo,-23.5615,-46.734983,786,2023-12-15
3053,17,12,2023,0.056327,0.09769,0.121779,0.175078,0.275982,0.32886,0.396797,0.439829,3.222589,1.473001,1.344393,1.497739,1.480029,1.239604,51,51,52,0,0,52,0,0,0,0,0,0,0,0,52,0,0,52,0,0,52,49,52,0,0,0,0,0,0,0,52,52,52,52,52,0,lev15,1120,Sao_Paulo,-23.5615,-46.734983,786,2023-12-17
3054,18,12,2023,0.035305,0.058089,0.07086,0.095297,0.145769,0.176509,0.215345,0.243426,2.087585,1.306417,1.388882,1.406888,1.265854,1.233998,111,111,111,0,0,111,0,0,0,0,0,0,0,0,111,0,0,111,0,0,111,111,111,0,0,0,0,0,0,0,111,111,111,111,111,0,lev15,1120,Sao_Paulo,-23.5615,-46.734983,786,2023-12-18
3055,19,12,2023,0.056124,0.078572,0.092602,0.120152,0.176785,0.209366,0.247486,0.273241,2.282114,1.224605,1.212441,1.309485,1.195354,1.031914,49,49,49,0,0,49,0,0,0,0,0,0,0,0,49,0,0,49,0,0,49,49,49,0,0,0,0,0,0,0,49,49,49,49,49,0,lev15,1120,Sao_Paulo,-23.5615,-46.734983,786,2023-12-19
3056,20,12,2023,0.055697,0.066365,0.072837,0.082158,0.105548,0.121989,0.137501,0.150543,1.639492,0.706246,0.897897,0.846041,0.631559,0.728418,37,37,37,0,0,37,0,0,0,0,0,0,0,0,37,0,0,37,0,0,36,36,37,0,0,0,0,0,0,0,37,37,37,37,36,0,lev15,1120,Sao_Paulo,-23.5615,-46.734983,786,2023-12-20
3057,21,12,2023,0.078479,0.094816,0.104713,0.127556,0.177976,0.207093,0.243064,0.26924,2.565475,1.111699,1.158917,1.211224,1.076415,1.037467,60,60,60,0,0,60,0,0,0,0,0,0,0,0,60,0,0,60,0,0,60,60,60,0,0,0,0,0,0,0,60,60,60,60,60,0,lev15,1120,Sao_Paulo,-23.5615,-46.734983,786,2023-12-21
3058,22,12,2023,0.038911,0.074785,0.094472,0.140679,0.228491,0.274954,0.329866,0.369927,3.228522,1.579322,1.333225,1.582002,1.597136,1.178494,23,23,23,0,0,23,0,0,0,0,0,0,0,0,23,0,0,23,0,0,22,23,23,0,0,0,0,0,0,0,23,23,23,23,23,0,lev15,1120,Sao_Paulo,-23.5615,-46.734983,786,2023-12-22
3059,23,12,2023,0.048632,0.060132,0.066407,0.081067,0.117065,0.136899,0.164184,0.184739,3.082696,1.214394,1.256233,1.325983,1.186632,1.189079,17,17,17,0,0,17,0,0,0,0,0,0,0,0,17,0,0,17,0,0,17,17,17,0,0,0,0,0,0,0,17,17,17,17,17,0,lev15,1120,Sao_Paulo,-23.5615,-46.734983,786,2023-12-23
3060,24,12,2023,0.015768,0.027228,0.034207,0.046318,0.073933,0.089508,0.111073,0.128685,2.5428,1.414342,1.466323,1.534992,1.381148,1.407617,38,38,38,0,0,38,0,0,0,0,0,0,0,0,38,0,0,38,0,0,38,38,38,0,0,0,0,0,0,0,38,38,38,38,38,0,lev15,1120,Sao_Paulo,-23.5615,-46.734983,786,2023-12-24
3061,25,12,2023,0.022453,0.043674,0.056674,0.084049,0.140832,0.17167,0.213056,0.244955,3.00093,1.639336,1.508421,1.682459,1.644369,1.407994,48,48,48,0,0,48,0,0,0,0,0,0,0,0,48,0,0,48,0,0,48,48,48,0,0,0,0,0,0,0,48,48,48,48,48,0,lev15,1120,Sao_Paulo,-23.5615,-46.734983,786,2023-12-25
3062,27,12,2023,0.047813,0.066851,0.076053,0.093372,0.131409,0.153889,0.180038,0.198683,2.057633,1.042781,1.141989,1.163919,0.993817,1.007488,35,35,35,0,0,35,0,0,0,0,0,0,0,0,35,0,0,35,0,0,35,35,35,0,0,0,0,0,0,0,35,35,35,35,35,0,lev15,1120,Sao_Paulo,-23.5615,-46.734983,786,2023-12-27
3063,28,12,2023,0.04621,0.063016,0.071734,0.08772,0.125368,0.149227,0.180119,0.203312,2.005071,1.082054,1.295386,1.235029,1.014229,1.171988,114,114,114,0,0,114,0,0,0,0,0,0,0,0,114,0,0,114,0,0,114,114,114,0,0,0,0,0,0,0,114,114,114,114,114,0,lev15,1120,Sao_Paulo,-23.5615,-46.734983,786,2023-12-28
3064,29,12,2023,0.030404,0.046018,0.053065,0.068634,0.104954,0.128108,0.156913,0.178311,1.789029,1.302135,1.455862,1.45168,1.239134,1.299741,29,29,29,0,0,29,0,0,0,0,0,0,0,0,29,0,0,29,0,0,29,29,29,0,0,0,0,0,0,0,29,29,29,29,29,0,lev15,1120,Sao_Paulo,-23.5615,-46.734983,786,2023-12-29
3065,31,12,2023,0.050811,0.061288,0.064259,0.069959,0.083915,0.09165,0.101047,0.107365,1.994998,0.525746,0.669935,0.625315,0.484992,0.620166,14,14,14,0,0,14,0,0,0,0,0,0,0,0,14,0,0,14,0,0,14,14,14,0,0,0,0,0,0,0,14,14,14,14,14,0,lev15,1120,Sao_Paulo,-23.5615,-46.734983,786,2023-12-31
